<?xml version="1.0" encoding="utf8" ?>
<!DOCTYPE mapper
        PUBLIC "-//mybatis.org//DTD Config 3.0//EN"
        "http://mybatis.org/dtd/mybatis-3-mapper.dtd">
<mapper namespace="com.dyd.dao.BlogMapper">
    <cache eviction="FIFO"
           flushInterval="60000"
           size="512"
           readOnly="true"/>
    <insert id="addBlog" parameterType="blog">
        insert into mybatis.blog (id,title,author,create_time,views)
        values (#{id},#{title},#{author},#{createTime},#{views})
    </insert>

    <select id="queryBlogIF" parameterType="map" resultType="Blog">
        select * from mybatis.blog
        <where>
            <if test="title!=null">
                and title=#{title}
            </if>
            <if test="author!=null">
                and author=#{author}
            </if>
        </where>
    </select>

    <update id="updateBlog" parameterType="map">
        update mybatis.blog
        <set>
            <if test="title!=null">
                title=#{title},
            </if>
            <if test="author!=null">
                author=#{author}
            </if>
        </set>
        where id=#{id}
    </update>

</mapper>