<?xml version="1.0" encoding="utf8" ?>
<!DOCTYPE configuration
        PUBLIC "-//mybatis.org//DTD Config 3.0//EN"
        "http://mybatis.org/dtd/mybatis-3-config.dtd">
<configuration>
    <!--    引入外部配置文件-->
    <properties resource="db.properties"/>

    <!--    日志工厂-->
    <settings>
        <setting name="logImpl" value="STDOUT_LOGGING"/>
    </settings>

    <!--    取别名-->
    <typeAliases>
        <package name="com.dyd.pojo"/>
    </typeAliases>

    <environments default="development">
        <environment id="development">
            <transactionManager type="JDBC"/>
            <dataSource type="POOLED">
                <property name="driver" value="${driver}"/>
                <property name="url" value="${url}"/>
                <property name="username" value="${username}"/>
                <property name="password" value="${password}"/>
            </dataSource>
        </environment>
    </environments>

    <mappers>
        <mapper class="com.dyd.dao.BlogMapper"/>
    </mappers>

</configuration>