<?xml version="1.0" encoding="utf8" ?>
<!DOCTYPE mapper
        PUBLIC "-//mybatis.org//DTD Config 3.0//EN"
        "http://mybatis.org/dtd/mybatis-3-mapper.dtd">
<mapper namespace="com.dyd.dao.TeacherMapper">

    <select id="getTeacher" resultMap="TeacherStudent">
        SELECT s.id sid,s.name sname,t.name tname,t.id tid
        FROM teacher t,student s
        WHERE s.`tid`=t.`id`;
    </select>
    <resultMap id="TeacherStudent" type="Teacher">
        <result property="id" column="tid"/>
        <result property="name" column="tname"/>
        <collection property="students" ofType="Student">
            <result property="id" column="sid"/>
            <result property="name" column="sname"/>
            <result property="tid" column="tid"/>
        </collection>
    </resultMap>

    <select id="getStudent" resultMap="StudentTeacher">
        select s.id sid,s.name sname,t.name tname
        from student s,teacher t
        where s.tid=t.id;
    </select>
    <resultMap id="StudentTeacher" type="Student">
        <result property="id" column="sid"/>
        <result property="name" column="sname"/>
        <association property="teacher" javaType="Teacher">
            <result property="name" column="tname"/>
        </association>
    </resultMap>
    
</mapper>