<?xml version="1.0" encoding="utf8" ?>
<!DOCTYPE mapper
        PUBLIC "-//mybatis.org//DTD Mapper 3.0//EN"
        "http://mybatis.org/dtd/mybatis-3-mapper.dtd">
<mapper namespace="com.dyd.dao.UserMapper">
<!--    结果映射-->
    <resultMap id="UserMap" type="User">
<!--    column数据库中的字段，property实体类中的属性-->
        <result column="id" property="id"></result>
        <result column="name" property="name"></result>
        <result column="pwd" property="pwd"></result>
    </resultMap>

    <select id="getUserList" resultMap="UserMap">
        select * from mybaties.user;
    </select>

    <select id="getUserByLimit" parameterType="map" resultMap="UserMap">
        select * from mybaties.user limit #{startIndex},#{pageSize}
    </select>

</mapper>